IdMembre,Nom,Email,MotDePasse,DateNaissance,Matricule,Statues
1,"John Doe",john.doe@example.com,password1,1990-05-15,ABC123,Actif
2,"Jane Smith",jane.smith@example.com,password2,1985-08-20,DEF456,Inactif
3,"Alice Johnson",alice.johnson@example.com,password3,1992-02-10,GHI789,Actif
4,"Bob Brown",bob.brown@example.com,password4,1988-11-25,JKL012,Inactif
5,"Emily Davis",emily.davis@example.com,password5,1995-04-30,MNO345,Actif
6,"Michael Wilson",michael.wilson@example.com,password6,1983-07-05,PQR678,Inactif
7,"Sarah Taylor",sarah.taylor@example.com,password7,1998-09-12,STU901,Actif
8,"David Martinez",david.martinez@example.com,password8,1980-12-18,VWX234,Inactif
9,"Olivia Anderson",olivia.anderson@example.com,password9,1993-06-23,YZ0AB5,Actif
10,"James Thomas",james.thomas@example.com,password10,1987-10-08,CDE678,Inactif
